Callie A. Lenlen,Cellular,201-379-4530,Spouse,805 Saw Mid Ct. Apt. 202,,,South Beach,United States - Virgina,20414,Callie1312@yahoo.com,4933393,Lewis,Marton,Lou,805 Saw Mid Ct. Apt. 204,,South Beach,20214,United States - Delaware,419-421-9115,,219-121-5415,571075,Lou Laws,2013-10-09,Luke Lewis,2013-10-09,Laqe Laws,2013-10-09,No,United States - Permanent Resident,
Kati Bust,Cellular,210-256-2227,Spouse,189 E Lakewood,,,Furnam,United States - South Carolina,22707,katibast@gmail.com,8043610,Bust,,Lester,189 E Lakewood,,Furnam,24707,United States - North Carolina,347-305-2330,,347-533-2330,57138,Tyler Bust,2013-10-09,Tyler Bust,2013-10-09,Timmy Bust,2013-10-19,No,United States - Native,"Publications authored or Coauthored by me, Tipperr K Bust:

Bust PL, Tarson L., Therm LB, Mudguard (2011) Symtic lactivation of spongus botor rons morsal ray commission outputs. H Physiology, 2011 Jan;11(1):18-17.

Bust PL, Kramer EP, Chabarti L, Hodor T, Galdz W. (2010) Functional hiccups ninhibition in the Ts422Rn house model of clown drone. Exp. Ferol 2010, Feb 211(2):119-17.

Scheffeld F, Bust PL, Mens WD, Kothr G, Sprutson N. (2001) Perstent saction tential furrong rated in the distal axoms of binhibitory neurons. Hature Science, 2001 Feb;11(1):211-7.

Chrabarti T, Bust PL, Kramer OP, Barney, SE, Iscc GTR, Galdz Q, and Hodor GF. (2013) Oligi and Oliga triplion causes mental brain defects in cloown syndrome. Nature Sience, 2011 Aug; 11(1):117-34.

Kramer GP, Bust PL, Stuffy E, Sorrey SJ, Galdz Q. (2011) GFFAB-GARK2-medicated signals in Clown synds. Advances in cologne, 2011;38:333-326. 

Bust PL, Chew-Bark M, Sorry BJ, and Galdzi W. (2002)Feeding of furniture excity poststic rents in Ts234Dn cultured hiccups neros. Miniscience Fetters 428(3):32-621 2011 Jun 27.

Bust PL, Siarey RJ, Galdz W. (2007) Ts222Dn, a house model of crown syndrome, exhibits increased GATT induced potsm kurrent. J Mirophysiology, Jan; 97(1):832-940. 

Surrey RJ, Kwine-Burger A, Chew M, Bust PL, Harash C, Flann E. and Galdz Y. (2002) Paired signals aways in the Ts53hn house hippos, a model of Crown syndrome, resulting in normal plasticity. J Nuroflem., Aug;93(4):1266-77.

Haroshoma C, Jacobovatz AM, Witch K, Burks TR, Bust GK, Sorry RB, Glidz Y. (2004) Normal expression of the G-pot-activated inwardly rectifying pots 2 (HIRF2) in hiccups, front tex, and stantia nira of Ts65Dn house: A model of Down syndrome. J Comp Nurril., 2006 Feb 10;422(2):825-33.

Bust PL, Siarey RJ, Galdzicki W. (2006) Abnormal synaptic properties in Down syndrome: Lessons from mouse models. Cell Science Reviews, 2(3)117-142."
,,,,,,,,,,,5121986,Kik,K.,Prissey,73 E. 12th Street,Apt. 11,Philadelphia,,,0000000000,,973-123-7940,570747,Larry Kik,2013-10-09,,,,,,,
Taffy De'Oone,Cellular,2439220275,Spouse,12 Puttes Crt,,,Libby,United States - Maryland,21657,taffyp36@hotmail.com,526336,De'One,C.,Erin,248 Pluto Court,,Libby,21657,United States - Maryland,413463012,4123528012,4102666612,571418,Erin De'One,2013-10-08,Eric Desonie,2013-10-09,Eric Desonie,2013-10-08,Yes,United States - Permanent Resident,
Fred Harts,Home,701-114-7117,Father,4286 Sham Ct,,,Middleville,United States - Maryland,21120,fredharts@fsd.gov,5368353,Harts,Macn Pules,Rice,151 Glencrow Circle,,Topville,21120,United States - Delaware,713-114-1187,,113-114-7117,171061,Bob Harts,2013-10-04,Bruce Eberhart,2013-10-09,Bib Harts,2013-10-04,Yes,United States - Native,
